dealer_code,dealer_name,company_name,city,marketing_owner,contact_person,mobile_number,email
M 1004,Adishwar,Adishwar India Pvt Ltd,Bangalore,,,9731306655,
M 1005,CENTURY INTERIORS,M/S. CENTURY INTERIORS AND DESIGNERS,Bangalore,,Mr Abhishek,8660638160,
M 1013,Decormate Interior Solutions LL,EL 51755 MS DECORMATE INTERIOR SOLUTIONS LLP Mrs Shailaja Kitchen,Bangalore,,Vishal Nigam,9113806353,
M 1002,Icon interiors,MS ICON INTERIORS,Chennai,,Mr Pasupati,9940104232,
M 1003,INSCAPE PROJECTS,MR NAGARAJU,Bangalore,,MR  NAGARAJU,8123104719,projectsinscape@gmail.com
M 1012,INSYDE STUDIO,INSYDE STUDIO INNOVATIONS LLP,Bangalore,,srinivasa G,9900092668,
M 1006,MR PRADEEP,MS PRO CONSTRUCTIONS,Bangalore,,PRADEEP,9901842341,
M 1011,MS HAGAN MODULAR,MS HAGAN MODULAR,Bangalore,,,7259000739,
M 1009,Ms Nandaki,Ms Nandaki Interior Design Ecommerce Pvt ltd (4),Bangalore,,Mohitha,9036654438,
M 1007,Ms Royal,Ms Royal Modular Kitchens,kannyakumari,,,9597341259/ 8344423625,
M 1008,MS ZAHEER FURNITURE,MS ZAHEER FURNITURES -( Mr Manjunath Prabhu),mumbai,,mr nizam,9870163016,
M 1010,Ms. Degain Innovate,Ms. Degain Innovate Private Limited - Sample Shutters,Bangalore,,lakshmi,9900537452,
M 1001,Mr Suresh Kumar,Mr Suresh Kumar,BANGALORE,Dipan,Ashish Jain,8861207748,ashish.jain.0788@gmail.com
1,8 SQUARE,8 SQUARE,Banaglore,Praveen,Praveen,1123569872,Dummy@123
2,AB ENGITECH,AB ENGITECH,Banaglore,Praveen,Praveen,1123569873,Dummy@123
3,ADITHYA ASSOCIATES,ADITHYA ASSOCIATES,Banaglore,Praveen,Praveen,1123569874,Dummy@123
4,ALTERNATIVE REAL ESTATE EXPERIENCES PVT LTD,ALTERNATIVE REAL ESTATE EXPERIENCES PVT LTD,Banaglore,Praveen,Praveen,1123569875,Dummy@123
5,AMOGN OFFICE SYSTEMS,AMOGN OFFICE SYSTEMS,Banaglore,Praveen,Praveen,1123569876,Dummy@123
6,ANJAN,ANJAN,Banaglore,Praveen,Praveen,1123569877,Dummy@123
7,ARCHITHA,ARCHITHA,Banaglore,Praveen,Praveen,1123569878,Dummy@123
8,ARHA DESIGN STUDIO,ARHA DESIGN STUDIO,Banaglore,Praveen,Praveen,1123569879,Dummy@123
9,ARRIVAE,ARRIVAE,Banaglore,Praveen,Praveen,1123569880,Dummy@123
10,ARTUZ PVT LTD,ARTUZ PVT LTD,Banaglore,Praveen,Praveen,1123569881,Dummy@123
11,ARYAMAN MEMBRANE,ARYAMAN MEMBRANE,Banaglore,Praveen,Praveen,1123569882,Dummy@123
12,ARYAN ARCHITECTS AND INTERIORS,ARYAN ARCHITECTS AND INTERIORS,Banaglore,Praveen,Praveen,1123569883,Dummy@123
13,ASADA DECOR PVT LTD,ASADA DECOR PVT LTD,Banaglore,Praveen,Praveen,1123569884,Dummy@123
14,ASIAN HOME DECORE,ASIAN HOME DECORE,Banaglore,Praveen,Praveen,1123569885,Dummy@123
15,AVYUKTA ENTERPRISES,AVYUKTA ENTERPRISES,Banaglore,Praveen,Praveen,1123569886,Dummy@123
16,BASANAGOUDA SIR,BASANAGOUDA SIR,Banaglore,Praveen,Praveen,1123569887,Dummy@123
17,BDM INTERIO,BDM INTERIO,Banaglore,Praveen,Praveen,1123569888,Dummy@123
18,BRIGADE ENTERPRISES PVT LTD,BRIGADE ENTERPRISES PVT LTD,Banaglore,Praveen,Praveen,1123569889,Dummy@123
19,BRIGHTSPACE CREATIONS PVT LTD,BRIGHTSPACE CREATIONS PVT LTD,Banaglore,Praveen,Praveen,1123569890,Dummy@123
20,C PHANIBHUSHAN,C PHANIBHUSHAN,Banaglore,Praveen,Praveen,1123569891,Dummy@123
21,CASA BELLA,CASA BELLA,Banaglore,Praveen,Praveen,1123569892,Dummy@123
22,CASANTRO SAMPLE,CASANTRO SAMPLE,Banaglore,Praveen,Praveen,1123569893,Dummy@123
23,CELASTA INTERIO,CELASTA INTERIO,Banaglore,Praveen,Praveen,1123569894,Dummy@123
24,CHANDRASHEKAR,CHANDRASHEKAR,Banaglore,Praveen,Praveen,1123569895,Dummy@123
25,CHILLIES ENTERPRISES,CHILLIES ENTERPRISES,Banaglore,Praveen,Praveen,1123569896,Dummy@123
26,CHISEL DECORS,CHISEL DECORS,Banaglore,Praveen,Praveen,1123569897,Dummy@123
27,CREATIVE NEST ENTERPRISES,CREATIVE NEST ENTERPRISES,Banaglore,Praveen,Praveen,1123569898,Dummy@123
28,DADS INTERIO,DADS INTERIO,Banaglore,Praveen,Praveen,1123569899,Dummy@123
29,DATTATREYA ENTERPRIES,DATTATREYA ENTERPRIES,Banaglore,Praveen,Praveen,1123569900,Dummy@123
30,DE PANACHE INTERIOR ARCHITECTURE,DE PANACHE INTERIOR ARCHITECTURE,Banaglore,Praveen,Praveen,1123569901,Dummy@123
31,DECKER FORM WORK SOLUTIONS PVT LTD,DECKER FORM WORK SOLUTIONS PVT LTD,Banaglore,Praveen,Praveen,1123569902,Dummy@123
32,DECKER FORMWORK SOLUTINS PVT LTD,DECKER FORMWORK SOLUTINS PVT LTD,Banaglore,Praveen,Praveen,1123569903,Dummy@123
33,DESIGNS UNLIMITED,DESIGNS UNLIMITED,Banaglore,Praveen,Praveen,1123569904,Dummy@123
34,DR AJAY,DR AJAY,Banaglore,Praveen,Praveen,1123569905,Dummy@123
35,DREAMKRAFT INTERIORS,DREAMKRAFT INTERIORS,Banaglore,Praveen,Praveen,1123569906,Dummy@123
36,EBENUS DESIGN STUDIO,EBENUS DESIGN STUDIO,Banaglore,Praveen,Praveen,1123569907,Dummy@123
37,ELENZA INDIAWOOD,ELENZA INDIAWOOD,Banaglore,Praveen,Praveen,1123569908,Dummy@123
38,ESPACIOS,ESPACIOS,Banaglore,Praveen,Praveen,1123569909,Dummy@123
39,EVERGREEN ENTERPRISES,EVERGREEN ENTERPRISES,Banaglore,Praveen,Praveen,1123569910,Dummy@123
40,FINISHLINE INTERIO,FINISHLINE INTERIO,Banaglore,Praveen,Praveen,1123569911,Dummy@123
41,FRANCIS INTERIOR,FRANCIS INTERIOR,Banaglore,Praveen,Praveen,1123569912,Dummy@123
42,FUTIND GROUP,FUTIND GROUP,Banaglore,Praveen,Praveen,1123569913,Dummy@123
43,G. MANIKANDAN,G. MANIKANDAN,Banaglore,Praveen,Praveen,1123569914,Dummy@123
44,GAURAV,GAURAV,Banaglore,Praveen,Praveen,1123569915,Dummy@123
45,Gazpacho Kitchens Kerala (Asna Muzamil),Gazpacho Kitchens Kerala (Asna Muzamil),Banaglore,Praveen,Praveen,1123569916,Dummy@123
46,GLISTER INTERIOR,GLISTER INTERIOR,Banaglore,Praveen,Praveen,1123569917,Dummy@123
47,GLOWING LIGHTS,GLOWING LIGHTS,Banaglore,Praveen,Praveen,1123569918,Dummy@123
48,GOPI,GOPI,Banaglore,Praveen,Praveen,1123569919,Dummy@123
49,Gourav,Gourav,Banaglore,Praveen,Praveen,1123569920,Dummy@123
50,HALLWAY INTERIORS,HALLWAY INTERIORS,Banaglore,Praveen,Praveen,1123569921,Dummy@123
51,HAPPY LIFE INTERIORS LLP,HAPPY LIFE INTERIORS LLP,Banaglore,Praveen,Praveen,1123569922,Dummy@123
52,HAPPYLIFE INTERIORS LLP,HAPPYLIFE INTERIORS LLP,Banaglore,Praveen,Praveen,1123569923,Dummy@123
53,HARSHA,HARSHA,Banaglore,Praveen,Praveen,1123569924,Dummy@123
54,Home Interior Designs E-Commerce Pvt Ltd,Home Interior Designs E-Commerce Pvt Ltd,Banaglore,Praveen,Praveen,1123569925,Dummy@123
55,HOMEVISTA DECOR AND FURNISHINGS PVT LTD,HOMEVISTA DECOR AND FURNISHINGS PVT LTD,Banaglore,Praveen,Praveen,1123569926,Dummy@123
56,HOMYCUBE,HOMYCUBE,Banaglore,Praveen,Praveen,1123569927,Dummy@123
57,HOUZ ARTS INTERIORS,HOUZ ARTS INTERIORS,Banaglore,Praveen,Praveen,1123569928,Dummy@123
58,INEAZY,INEAZY,Banaglore,Praveen,Praveen,1123569929,Dummy@123
59,INNOVATIVE INTERIORS,INNOVATIVE INTERIORS,Banaglore,Praveen,Praveen,1123569930,Dummy@123
60,intex interiors,intex interiors,Banaglore,Praveen,Praveen,1123569931,Dummy@123
61,JATIN SHARMA under,JATIN SHARMA under,Banaglore,Praveen,Praveen,1123569932,Dummy@123
62,JEETU SIR,JEETU SIR,Banaglore,Praveen,Praveen,1123569933,Dummy@123
63,KARISHMA KITCHEN GALLERY,KARISHMA KITCHEN GALLERY,Banaglore,Praveen,Praveen,1123569934,Dummy@123
64,KARTHI,KARTHI,Banaglore,Praveen,Praveen,1123569935,Dummy@123
65,KARTHI ( SABARI),KARTHI ( SABARI),Banaglore,Praveen,Praveen,1123569936,Dummy@123
66,KITCHEN ADD SHUTTERS,KITCHEN ADD SHUTTERS,Banaglore,Praveen,Praveen,1123569937,Dummy@123
67,KITCHEN GALLERIA,KITCHEN GALLERIA,Banaglore,Praveen,Praveen,1123569938,Dummy@123
68,KITCHENS OUTLOOK,KITCHENS OUTLOOK,Banaglore,Praveen,Praveen,1123569939,Dummy@123
69,KUMARAN,KUMARAN,Banaglore,Praveen,Praveen,1123569940,Dummy@123
70,KUMARAN HOTEL,KUMARAN HOTEL,Banaglore,Praveen,Praveen,1123569941,Dummy@123
71,LISNO INDIA PVT LTD,LISNO INDIA PVT LTD,Banaglore,Praveen,Praveen,1123569942,Dummy@123
72,LISNO TNDIA PVT LTD,LISNO TNDIA PVT LTD,Banaglore,Praveen,Praveen,1123569943,Dummy@123
73,LIVSPACE INDIA PVT LTD,LIVSPACE INDIA PVT LTD,Banaglore,Praveen,Praveen,1123569944,Dummy@123
74,M/S . SURFACE INTERIOR,M/S . SURFACE INTERIOR,Banaglore,Praveen,Praveen,1123569945,Dummy@123
75,M/S AKARSH DESIGNS,M/S AKARSH DESIGNS,Banaglore,Praveen,Praveen,1123569946,Dummy@123
76,M/S CELESTE INTERIO,M/S CELESTE INTERIO,Banaglore,Praveen,Praveen,1123569947,Dummy@123
77,M/S CREATIVE DESIGN STUDIO,M/S CREATIVE DESIGN STUDIO,Banaglore,Praveen,Praveen,1123569948,Dummy@123
78,M/S HYGIENE KITCHENS,M/S HYGIENE KITCHENS,Banaglore,Praveen,Praveen,1123569949,Dummy@123
79,M/S KADIWA STUDIO,M/S KADIWA STUDIO,Banaglore,Praveen,Praveen,1123569950,Dummy@123
80,M/S KITCHEN KRAFT,M/S KITCHEN KRAFT,Banaglore,Praveen,Praveen,1123569951,Dummy@123
81,M/S KS HARDWARE POINT,M/S KS HARDWARE POINT,Banaglore,Praveen,Praveen,1123569952,Dummy@123
82,M/S POWER LINE INC,M/S POWER LINE INC,Banaglore,Praveen,Praveen,1123569953,Dummy@123
83,M/S RANJITH ENTERPRIES,M/S RANJITH ENTERPRIES,Banaglore,Praveen,Praveen,1123569954,Dummy@123
84,M/S ROYAL OAK,M/S ROYAL OAK,Banaglore,Praveen,Praveen,1123569955,Dummy@123
85,M/S RS AGANCIES,M/S RS AGANCIES,Banaglore,Praveen,Praveen,1123569956,Dummy@123
86,M/S WUD SKETCH INTERIORS,M/S WUD SKETCH INTERIORS,Banaglore,Praveen,Praveen,1123569957,Dummy@123
87,M/S. ANILCO ENGINEERS PVT LTD,M/S. ANILCO ENGINEERS PVT LTD,Banaglore,Praveen,Praveen,1123569958,Dummy@123
88,M/S. BRIGHTSPACE CREATIONS PVT LTD,M/S. BRIGHTSPACE CREATIONS PVT LTD,Banaglore,Praveen,Praveen,1123569959,Dummy@123
89,M/S. DAMRO FURNITURE PVT LTD,M/S. DAMRO FURNITURE PVT LTD,Banaglore,Praveen,Praveen,1123569960,Dummy@123
90,M/S. DE PANACHE,M/S. DE PANACHE,Banaglore,Praveen,Praveen,1123569961,Dummy@123
91,M/S. IN ARTUZ PRIVATE LIMITED,M/S. IN ARTUZ PRIVATE LIMITED,Banaglore,Praveen,Praveen,1123569962,Dummy@123
92,M/S. INTER DECOR,M/S. INTER DECOR,Banaglore,Praveen,Praveen,1123569963,Dummy@123
93,M/S. KITCHEN FABS INDIA,M/S. KITCHEN FABS INDIA,Banaglore,Praveen,Praveen,1123569964,Dummy@123
94,M/S. MUDUMANE,M/S. MUDUMANE,Banaglore,Praveen,Praveen,1123569965,Dummy@123
95,M/S. NIRVED MODULAR LIVING,M/S. NIRVED MODULAR LIVING,Banaglore,Praveen,Praveen,1123569966,Dummy@123
96,M/S. ORIENT PROJECT,M/S. ORIENT PROJECT,Banaglore,Praveen,Praveen,1123569967,Dummy@123
97,M/S. R.S AGENCIES,M/S. R.S AGENCIES,Banaglore,Praveen,Praveen,1123569968,Dummy@123
98,M/S. SOBHA HIGHRISE VENTURES PRIVATE LIMITED,M/S. SOBHA HIGHRISE VENTURES PRIVATE LIMITED,Banaglore,Praveen,Praveen,1123569969,Dummy@123
99,M/S. SPACEMAKER,M/S. SPACEMAKER,Banaglore,Praveen,Praveen,1123569970,Dummy@123
100,M/S. SQUAREFEET MODULAR,M/S. SQUAREFEET MODULAR,Banaglore,Praveen,Praveen,1123569971,Dummy@123
101,M/S. TRUWW,M/S. TRUWW,Banaglore,Praveen,Praveen,1123569972,Dummy@123
102,M/S. VISTA PANEL PVT LTD,M/S. VISTA PANEL PVT LTD,Banaglore,Praveen,Praveen,1123569973,Dummy@123
103,M/S.PATIL INTERIORS,M/S.PATIL INTERIORS,Banaglore,Praveen,Praveen,1123569974,Dummy@123
104,MA CLUBTAIL INTERIOR DESIGNS PVT LTD,MA CLUBTAIL INTERIOR DESIGNS PVT LTD,Banaglore,Praveen,Praveen,1123569975,Dummy@123
105,MAHESH KULKARNI,MAHESH KULKARNI,Banaglore,Praveen,Praveen,1123569976,Dummy@123
106,MAKE MY HOME,MAKE MY HOME,Banaglore,Praveen,Praveen,1123569977,Dummy@123
107,MANJUNATH,MANJUNATH,Banaglore,Praveen,Praveen,1123569978,Dummy@123
108,MARUDHAR INTERIORS,MARUDHAR INTERIORS,Banaglore,Praveen,Praveen,1123569979,Dummy@123
109,Mobius Interior Concepts Pvt. Ltd.,Mobius Interior Concepts Pvt. Ltd.,Banaglore,Praveen,Praveen,1123569980,Dummy@123
110,MOD MY SPACE INTERIORS PVT LTD,MOD MY SPACE INTERIORS PVT LTD,Banaglore,Praveen,Praveen,1123569981,Dummy@123
111,MR . DEEPAK,MR . DEEPAK,Banaglore,Praveen,Praveen,1123569982,Dummy@123
112,MR ARUN,MR ARUN,Banaglore,Praveen,Praveen,1123569983,Dummy@123
113,MR CHANDRESHEKAR,MR CHANDRESHEKAR,Banaglore,Praveen,Praveen,1123569984,Dummy@123
114,MR D SRINIVASAN,MR D SRINIVASAN,Banaglore,Praveen,Praveen,1123569985,Dummy@123
115,MR G MANIKANDAN,MR G MANIKANDAN,Banaglore,Praveen,Praveen,1123569986,Dummy@123
116,MR GANESH AGARWAL,MR GANESH AGARWAL,Banaglore,Praveen,Praveen,1123569987,Dummy@123
117,MR GANESH SIR (SOUTH INDIA ),MR GANESH SIR (SOUTH INDIA ),Banaglore,Praveen,Praveen,1123569988,Dummy@123
118,MR HAMMAD,MR HAMMAD,Banaglore,Praveen,Praveen,1123569989,Dummy@123
119,MR KHALEEL,MR KHALEEL,Banaglore,Praveen,Praveen,1123569990,Dummy@123
120,MR MADHAN RAHUL,MR MADHAN RAHUL,Banaglore,Praveen,Praveen,1123569991,Dummy@123
121,MR MUKUL,MR MUKUL,Banaglore,Praveen,Praveen,1123569992,Dummy@123
122,MR PRASHANTH,MR PRASHANTH,Banaglore,Praveen,Praveen,1123569993,Dummy@123
123,MR PRASHANTH V ANAND,MR PRASHANTH V ANAND,Banaglore,Praveen,Praveen,1123569994,Dummy@123
124,MR PREM,MR PREM,Banaglore,Praveen,Praveen,1123569995,Dummy@123
125,MR RAHUL SHAH,MR RAHUL SHAH,Banaglore,Praveen,Praveen,1123569996,Dummy@123
126,MR RAMEN CHATTERJI,MR RAMEN CHATTERJI,Banaglore,Praveen,Praveen,1123569997,Dummy@123
127,MR SUDAN,MR SUDAN,Banaglore,Praveen,Praveen,1123569998,Dummy@123
128,MR SUPREET,MR SUPREET,Banaglore,Praveen,Praveen,1123569999,Dummy@123
129,MR SUPREET P,MR SUPREET P,Banaglore,Praveen,Praveen,1123570000,Dummy@123
130,MR ZACHARIAS,MR ZACHARIAS,Banaglore,Praveen,Praveen,1123570001,Dummy@123
131,MR. ANJAN,MR. ANJAN,Banaglore,Praveen,Praveen,1123570002,Dummy@123
132,Mr. Chandra Shekar,Mr. Chandra Shekar,Banaglore,Praveen,Praveen,1123570003,Dummy@123
133,MR. GANESH AGARVAL,MR. GANESH AGARVAL,Banaglore,Praveen,Praveen,1123570004,Dummy@123
134,MR. KHALEEL,MR. KHALEEL,Banaglore,Praveen,Praveen,1123570005,Dummy@123
135,MR. NAGARAJ,MR. NAGARAJ,Banaglore,Praveen,Praveen,1123570006,Dummy@123
136,MR. RAGHU,MR. RAGHU,Banaglore,Praveen,Praveen,1123570007,Dummy@123
137,MR. RAHUL B;S,MR. RAHUL B;S,Banaglore,Praveen,Praveen,1123570008,Dummy@123
138,MR. RAJU (RENGAS KITCHENS),MR. RAJU (RENGAS KITCHENS),Banaglore,Praveen,Praveen,1123570009,Dummy@123
139,MR. Venkatesh,MR. Venkatesh,Banaglore,Praveen,Praveen,1123570010,Dummy@123
140,MRS sHEELA,MRS sHEELA,Banaglore,Praveen,Praveen,1123570011,Dummy@123
141,MRS SRUTHY LEKSHMI BB,MRS SRUTHY LEKSHMI BB,Banaglore,Praveen,Praveen,1123570012,Dummy@123
142,MRS VINDYA,MRS VINDYA,Banaglore,Praveen,Praveen,1123570013,Dummy@123
143,MS AASHI CONSTRUCTIONS,MS AASHI CONSTRUCTIONS,Banaglore,Praveen,Praveen,1123570014,Dummy@123
144,MS AMEYA,MS AMEYA,Banaglore,Praveen,Praveen,1123570015,Dummy@123
145,MS ANILCO ENGINEERS PVT LTD,MS ANILCO ENGINEERS PVT LTD,Banaglore,Praveen,Praveen,1123570016,Dummy@123
146,MS ANLICO ENGINEERS PRIVATE LIMITED,MS ANLICO ENGINEERS PRIVATE LIMITED,Banaglore,Praveen,Praveen,1123570017,Dummy@123
147,MS CELESTE INTERIO,MS CELESTE INTERIO,Banaglore,Praveen,Praveen,1123570018,Dummy@123
148,MS CLUBTAIL INTERIOR DESIGNS OVT LTD,MS CLUBTAIL INTERIOR DESIGNS OVT LTD,Banaglore,Praveen,Praveen,1123570019,Dummy@123
149,MS CLUBTAIL INTERIOR DESIGNS PVT LTD,MS CLUBTAIL INTERIOR DESIGNS PVT LTD,Banaglore,Praveen,Praveen,1123570020,Dummy@123
150,MS COMBINE DESIGN,MS COMBINE DESIGN,Banaglore,Praveen,Praveen,1123570021,Dummy@123
151,MS COSMOLIV DESIGN AND REALTY PVT LTD,MS COSMOLIV DESIGN AND REALTY PVT LTD,Banaglore,Praveen,Praveen,1123570022,Dummy@123
152,MS CREATIVE DESIGNS,MS CREATIVE DESIGNS,Banaglore,Praveen,Praveen,1123570023,Dummy@123
153,MS DESIGN INTERIOR SOLUTION,MS DESIGN INTERIOR SOLUTION,Banaglore,Praveen,Praveen,1123570024,Dummy@123
154,MS DK INTERIORS,MS DK INTERIORS,Banaglore,Praveen,Praveen,1123570025,Dummy@123
155,MS FEDERTEKLITE,MS FEDERTEKLITE,Banaglore,Praveen,Praveen,1123570026,Dummy@123
156,MS FEDERTELITE,MS FEDERTELITE,Banaglore,Praveen,Praveen,1123570027,Dummy@123
157,MS GEE INTERIOR DESIGN SPACE,MS GEE INTERIOR DESIGN SPACE,Banaglore,Praveen,Praveen,1123570028,Dummy@123
158,MS HCD DREAM INTERIOR SOLUTION,MS HCD DREAM INTERIOR SOLUTION,Banaglore,Praveen,Praveen,1123570029,Dummy@123
159,MS INNER SPACE,MS INNER SPACE,Banaglore,Praveen,Praveen,1123570030,Dummy@123
160,MS KADIWA STUDIO,MS KADIWA STUDIO,Banaglore,Praveen,Praveen,1123570031,Dummy@123
161,MS KARISHMA KITCHEN GALLERY,MS KARISHMA KITCHEN GALLERY,Banaglore,Praveen,Praveen,1123570032,Dummy@123
162,MS KITCHEN FABS,MS KITCHEN FABS,Banaglore,Praveen,Praveen,1123570033,Dummy@123
163,MS KITCHEN KRAFT,MS KITCHEN KRAFT,Banaglore,Praveen,Praveen,1123570034,Dummy@123
164,MS LEGNO DOORS & INTERIORS PVT LTD,MS LEGNO DOORS & INTERIORS PVT LTD,Banaglore,Praveen,Praveen,1123570035,Dummy@123
165,MS MAS INTERIORS,MS MAS INTERIORS,Banaglore,Praveen,Praveen,1123570036,Dummy@123
166,MS MUDUMANE,MS MUDUMANE,Banaglore,Praveen,Praveen,1123570037,Dummy@123
167,MS NM INTERIORS,MS NM INTERIORS,Banaglore,Praveen,Praveen,1123570038,Dummy@123
168,MS ORIENT PROJECTS,MS ORIENT PROJECTS,Banaglore,Praveen,Praveen,1123570039,Dummy@123
169,MS PATIL INTERIORS,MS PATIL INTERIORS,Banaglore,Praveen,Praveen,1123570040,Dummy@123
170,MS PLY ZONE AND INTERIOR WORKS,MS PLY ZONE AND INTERIOR WORKS,Banaglore,Praveen,Praveen,1123570041,Dummy@123
171,MS RAMAKRISHNA ORTHOPAEIC ESSENTIALS,MS RAMAKRISHNA ORTHOPAEIC ESSENTIALS,Banaglore,Praveen,Praveen,1123570042,Dummy@123
172,MS SHARADA PLYWOODS,MS SHARADA PLYWOODS,Banaglore,Praveen,Praveen,1123570043,Dummy@123
173,MS SHUBHA THIMMEGOWDA,MS SHUBHA THIMMEGOWDA,Banaglore,Praveen,Praveen,1123570044,Dummy@123
174,MS SKANDA INTERIORS,MS SKANDA INTERIORS,Banaglore,Praveen,Praveen,1123570045,Dummy@123
175,MS SM INTERIORS,MS SM INTERIORS,Banaglore,Praveen,Praveen,1123570046,Dummy@123
176,MS SRIBAL FABTECH PVT LTD,MS SRIBAL FABTECH PVT LTD,Banaglore,Praveen,Praveen,1123570047,Dummy@123
177,MS SS INTERIORS,MS SS INTERIORS,Banaglore,Praveen,Praveen,1123570048,Dummy@123
178,MS VISUAL DECORS,MS VISUAL DECORS,Banaglore,Praveen,Praveen,1123570049,Dummy@123
179,MS WUD SKETCH INTERIORS,MS WUD SKETCH INTERIORS,Banaglore,Praveen,Praveen,1123570050,Dummy@123
180,MS YES TO ALL,MS YES TO ALL,Banaglore,Praveen,Praveen,1123570051,Dummy@123
181,MS. KITCHEN FABS,MS. KITCHEN FABS,Banaglore,Praveen,Praveen,1123570052,Dummy@123
182,MUDFLATS,MUDFLATS,Banaglore,Praveen,Praveen,1123570053,Dummy@123
183,NADEEM,NADEEM,Banaglore,Praveen,Praveen,1123570054,Dummy@123
184,NAKE MY HOME,NAKE MY HOME,Banaglore,Praveen,Praveen,1123570055,Dummy@123
185,NAVEEN,NAVEEN,Banaglore,Praveen,Praveen,1123570056,Dummy@123
186,NAXOS DESIGN STUDIO,NAXOS DESIGN STUDIO,Banaglore,Praveen,Praveen,1123570057,Dummy@123
187,NEETU,NEETU,Banaglore,Praveen,Praveen,1123570058,Dummy@123
188,NEO DECORS,NEO DECORS,Banaglore,Praveen,Praveen,1123570059,Dummy@123
189,NEOWOOD FZ LLC,NEOWOOD FZ LLC,Banaglore,Praveen,Praveen,1123570060,Dummy@123
190,NEWELL INTERIORS,NEWELL INTERIORS,Banaglore,Praveen,Praveen,1123570061,Dummy@123
191,NUOVO KITCHENS & WARDROBES,NUOVO KITCHENS & WARDROBES,Banaglore,Praveen,Praveen,1123570062,Dummy@123
192,PASSERI - HOUSE OF DESIGN AND DÉCOR,PASSERI - HOUSE OF DESIGN AND DÉCOR,Banaglore,Praveen,Praveen,1123570063,Dummy@123
193,PATIL INTERIORS,PATIL INTERIORS,Banaglore,Praveen,Praveen,1123570064,Dummy@123
194,PHER MOHAMMED (RENGAS KITCHEH,PHER MOHAMMED (RENGAS KITCHEH,Banaglore,Praveen,Praveen,1123570065,Dummy@123
195,POORNA PRAJNA INTERIORS,POORNA PRAJNA INTERIORS,Banaglore,Praveen,Praveen,1123570066,Dummy@123
196,PRABHANJAN,PRABHANJAN,Banaglore,Praveen,Praveen,1123570067,Dummy@123
197,PRABHANJAN KORAMANGALA,PRABHANJAN KORAMANGALA,Banaglore,Praveen,Praveen,1123570068,Dummy@123
198,PRATIK SIR,PRATIK SIR,Banaglore,Praveen,Praveen,1123570069,Dummy@123
199,PREETHI,PREETHI,Banaglore,Praveen,Praveen,1123570070,Dummy@123
200,PREM,PREM,Banaglore,Praveen,Praveen,1123570071,Dummy@123
201,PRO CONSTRUCTIONS,PRO CONSTRUCTIONS,Banaglore,Praveen,Praveen,1123570072,Dummy@123
202,PUNITH,PUNITH,Banaglore,Praveen,Praveen,1123570073,Dummy@123
203,R.K HOME DECORS,R.K HOME DECORS,Banaglore,Praveen,Praveen,1123570074,Dummy@123
204,RADHIKA BHAT,RADHIKA BHAT,Banaglore,Praveen,Praveen,1123570075,Dummy@123
205,RAJA,RAJA,Banaglore,Praveen,Praveen,1123570076,Dummy@123
206,RAMESK,RAMESK,Banaglore,Praveen,Praveen,1123570077,Dummy@123
207,RANJITH ENTERPRISES,RANJITH ENTERPRISES,Banaglore,Praveen,Praveen,1123570078,Dummy@123
208,ROHIT GOYAL,ROHIT GOYAL,Banaglore,Praveen,Praveen,1123570079,Dummy@123
209,SAMAAVESH,SAMAAVESH,Banaglore,Praveen,Praveen,1123570080,Dummy@123
210,SAMAVESH ( STOREY BOARD ),SAMAVESH ( STOREY BOARD ),Banaglore,Praveen,Praveen,1123570081,Dummy@123
211,SANJANA PEN HOLDER,SANJANA PEN HOLDER,Banaglore,Praveen,Praveen,1123570082,Dummy@123
212,SANJAY KULKARNI,SANJAY KULKARNI,Banaglore,Praveen,Praveen,1123570083,Dummy@123
213,SATYA SHREE &AKASH,SATYA SHREE &AKASH,Banaglore,Praveen,Praveen,1123570084,Dummy@123
214,SHANMUGANADHAN,SHANMUGANADHAN,Banaglore,Praveen,Praveen,1123570085,Dummy@123
215,SHOWROOM,SHOWROOM,Banaglore,Praveen,Praveen,1123570086,Dummy@123
216,SHUBHAS SLV,SHUBHAS SLV,Banaglore,Praveen,Praveen,1123570087,Dummy@123
217,SIMAL TEA TABLE,SIMAL TEA TABLE,Banaglore,Praveen,Praveen,1123570088,Dummy@123
218,SINGALARITY FURNITURE PVT LTD,SINGALARITY FURNITURE PVT LTD,Banaglore,Praveen,Praveen,1123570089,Dummy@123
219,SLV MODULAR INTERIORS,SLV MODULAR INTERIORS,Banaglore,Praveen,Praveen,1123570090,Dummy@123
220,SOUMYAANS INTERIOR ELEGANCE,SOUMYAANS INTERIOR ELEGANCE,Banaglore,Praveen,Praveen,1123570091,Dummy@123
221,SOURABH,SOURABH,Banaglore,Praveen,Praveen,1123570092,Dummy@123
222,SOURASH PARKWEST,SOURASH PARKWEST,Banaglore,Praveen,Praveen,1123570093,Dummy@123
223,SOUTH INDIA AGENCIES,SOUTH INDIA AGENCIES,Banaglore,Praveen,Praveen,1123570094,Dummy@123
224,SOUTHINDIA AGENCIES,SOUTHINDIA AGENCIES,Banaglore,Praveen,Praveen,1123570095,Dummy@123
225,SPACE INTERIOR DESIGN,SPACE INTERIOR DESIGN,Banaglore,Praveen,Praveen,1123570096,Dummy@123
226,SPACEMAKER,SPACEMAKER,Banaglore,Praveen,Praveen,1123570097,Dummy@123
227,SPONN BURKHARDT INDIA MANUFACTUARING PVT LTD,SPONN BURKHARDT INDIA MANUFACTUARING PVT LTD,Banaglore,Praveen,Praveen,1123570098,Dummy@123
228,STAVAN OFFICE,STAVAN OFFICE,Banaglore,Praveen,Praveen,1123570099,Dummy@123
229,STERLING KITCHENS,STERLING KITCHENS,Banaglore,Praveen,Praveen,1123570100,Dummy@123
230,STOVE KRAFT LIMITES,STOVE KRAFT LIMITES,Banaglore,Praveen,Praveen,1123570101,Dummy@123
231,sukruta agencies,sukruta agencies,Banaglore,Praveen,Praveen,1123570102,Dummy@123
232,SUNDHAR,SUNDHAR,Banaglore,Praveen,Praveen,1123570103,Dummy@123
233,SWA INTERIORS,SWA INTERIORS,Banaglore,Praveen,Praveen,1123570104,Dummy@123
234,SWA KITCHENS,SWA KITCHENS,Banaglore,Praveen,Praveen,1123570105,Dummy@123
235,THE SMART HUB,THE SMART HUB,Banaglore,Praveen,Praveen,1123570106,Dummy@123
236,TRIBHUVAN,TRIBHUVAN,Banaglore,Praveen,Praveen,1123570107,Dummy@123
237,UNIQUE DESIGNS,UNIQUE DESIGNS,Banaglore,Praveen,Praveen,1123570108,Dummy@123
238,VENKATESH,VENKATESH,Banaglore,Praveen,Praveen,1123570109,Dummy@123
239,VINDYA,VINDYA,Banaglore,Praveen,Praveen,1123570110,Dummy@123
240,VINOTH,VINOTH,Banaglore,Praveen,Praveen,1123570111,Dummy@123
241,VISTA PANELS,VISTA PANELS,Banaglore,Praveen,Praveen,1123570112,Dummy@123
242,VISWA PANECRAFTS,VISWA PANECRAFTS,Banaglore,Praveen,Praveen,1123570113,Dummy@123
243,WOOD AND METAL INTERIOR,WOOD AND METAL INTERIOR,Banaglore,Praveen,Praveen,1123570114,Dummy@123
244,WOODPECKERS,WOODPECKERS,Banaglore,Praveen,Praveen,1123570115,Dummy@123
245,WOODTECH CONSULTANTS PVT LTD,WOODTECH CONSULTANTS PVT LTD,Banaglore,Praveen,Praveen,1123570116,Dummy@123
246,YN ARCHITECTS,YN ARCHITECTS,Banaglore,Praveen,Praveen,1123570117,Dummy@123
